{"cameraMode":{"drawMode":0,"name":"Shaded","section":"Shading Mode"},"sceneLighting":true,"audioPlay":false,"sceneViewState":{"showFog":true,"showMaterialUpdate":false,"showSkybox":true,"showFlares":true,"showImageEffects":true,"showParticleSystems":true},"in2DMode":false,"pivot":{"x":195.39999389648438,"y":68.0,"z":-16.200000762939454},"rotation":{"x":-0.1357012242078781,"y":0.7395261526107788,"z":-0.1567060649394989,"w":-0.6404135823249817},"size":27.729793548583986,"orthographic":false}